Date,Region,Brand,Model,Vehicle_Type,Battery_Capacity_kWh,Discount_Percentage,Customer_Segment,Fast_Charging_Option,Units_Sold
2024-07,Oceania,Toyota,i4,Crossover,60.08415264929551,6.025558727860106,High Income,No,133.3407192468654
2024-03,Oceania,Toyota,Leaf,Truck,67.05825142945646,18.95343981330428,High Income,Yes,155.24462333565558
2024-05,North America,Toyota,ID.5,Crossover,84.03146945686868,13.006384784762037,Middle Income,No,155.79059438328136
2024-02,Oceania,Tesla,Corolla EV,Truck,73.64629972025298,3.8547831926691236,High Income,Yes,130.7240244855183
2024-10,North America,BYD,Leaf,Coupe,49.49881814096838,4.082615308364197,High Income,No,120.65408179135929
2024-03,South America,Tesla,i4,Sedan,57.1977783013553,17.809672295906683,Budget Conscious,Yes,147.34808822193276
2024-06,North America,Ford,Leaf,Hatchback,64.61495252006416,1.001452095644897,Middle Income,Yes,127.69804565079603
2024-07,South America,BMW,Rio EV,Sedan,54.49933902461919,6.798632971024026,Middle Income,Yes,134.88830036353002
2024-06,North America,Kia,i4,Sedan,49.640830846146066,13.633164977584777,High Income,No,138.52561472167335
2024-07,North America,BYD,Leaf,Hatchback,43.87483437047661,11.722255457464101,Tech Enthusiast,Yes,132.39317597052477
2024-06,South America,Nissan,ID.3,SUV,49.97471514795413,0.9826437934083742,Budget Conscious,Yes,120.65526092667051
2024-07,Africa,Volkswagen,Leaf,Hatchback,51.314627843060634,1.9202093014625459,Middle Income,Yes,117.50506245539923
2024-10,Asia,Nissan,ID.5,Coupe,98.21484001946025,1.0094553253896992,Eco-Conscious,Yes,141.95346940208088
2024-09,Africa,Nissan,Ariya,Crossover,66.96061541688825,1.019360436893835,Tech Enthusiast,No,135.3035418478658
2024-10,Europe,Toyota,i4,Truck,70.9616418043552,19.423251453544598,Eco-Conscious,Yes,152.32385836211418
2024-01,Oceania,Ford,Mach-E,Truck,71.63522657830562,12.231666463621577,High Income,No,146.28215123270553
2024-09,North America,BYD,Atto 3,Crossover,79.39565038857334,0.0,Middle Income,No,133.73606615889173
2024-01,Asia,Hyundai,Atto 3,Hatchback,53.79612854460282,10.570472192076409,Budget Conscious,Yes,131.11916168432725
2024-04,Asia,Ford,iX,Sedan,92.00912248082646,18.311110794947922,High Income,Yes,153.45958482063938
2024-01,North America,BMW,Model 3,Truck,66.41159025604325,7.056195676278259,High Income,Yes,135.80929690935446
2024-03,Oceania,Ford,iX,SUV,87.19728702150502,16.63556698911353,Tech Enthusiast,No,153.38803629774733
2024-11,North America,Hyundai,Tucson EV,Truck,70.93102917578165,7.772927752755168,Budget Conscious,No,145.73266430331668
2024-06,South America,BYD,Atto 3,Coupe,80.79948284036908,17.338824110583772,High Income,Yes,147.08304364358335
2024-03,Asia,BMW,Atto 3,SUV,56.39632027086137,6.756001083183318,High Income,No,132.86332905532288
2024-09,Oceania,BYD,Model 3,Crossover,72.09321944311172,6.735390617872093,Tech Enthusiast,No,134.0156110687506
2024-03,Africa,Toyota,ID.5,Hatchback,91.30428744891161,6.751934989994816,Tech Enthusiast,Yes,147.61506231424394
2024-08,South America,Volkswagen,Leaf,Hatchback,51.28853089712942,3.0109961083141403,Eco-Conscious,No,118.43474781319854
2024-06,North America,Kia,Leaf,Crossover,61.67867404640103,0.0,High Income,Yes,132.34501419801302
2024-06,North America,Nissan,Atto 3,Sedan,62.11488189409718,3.045134479131695,Budget Conscious,Yes,133.1905948397438
2024-09,Oceania,Ford,ID.4,Crossover,40.010055473143545,16.42610782379098,Tech Enthusiast,Yes,136.43258593466237
2024-11,South America,BMW,Leaf,Hatchback,83.15846194196666,9.73288055299801,Budget Conscious,No,142.47796727386168
2024-09,Asia,Hyundai,Model Y,Hatchback,75.26626570665654,19.293845222846556,High Income,Yes,142.81521247200007
2024-07,Asia,Ford,Atto 3,Hatchback,51.663636263956136,16.105136135175588,Middle Income,Yes,130.93643887441203
2024-04,Oceania,BYD,iX,Truck,71.17252878628967,14.68658269151511,Eco-Conscious,Yes,147.7695107027392
2024-08,Oceania,Nissan,Leaf,SUV,79.88380075964498,12.003465981458277,High Income,Yes,144.99935124614666
2024-02,North America,Hyundai,ID.3,Truck,85.82247849850064,6.958515481561685,High Income,Yes,141.56110373335332
2024-01,Asia,Volkswagen,ID.5,Hatchback,73.50213881871703,14.15315477489938,Tech Enthusiast,Yes,147.01131541948902
2024-05,North America,BYD,Ariya,Truck,52.041429367704595,2.911394448492875,Budget Conscious,Yes,127.53700983545339
2024-04,Asia,Hyundai,ID.3,Truck,77.4165800550545,14.642610279674585,Middle Income,No,153.22710656765673
2024-01,North America,BMW,Ariya,Coupe,92.20724717536484,20.747974035491694,Middle Income,Yes,156.0229784758208
2024-02,South America,BMW,ID.5,Crossover,57.19395836559912,1.9770608261945057,Middle Income,Yes,130.59581837946547
2024-01,South America,Volkswagen,ID.3,Hatchback,54.71225326681827,6.698362481372412,Tech Enthusiast,Yes,131.81035201133912
2024-06,Asia,Hyundai,ID.4,Coupe,74.19993457028507,16.263125811253236,Eco-Conscious,No,148.73952122419777
2024-11,Oceania,Nissan,Model Y,Hatchback,54.135451695425495,0.0,Tech Enthusiast,No,124.09160578157753
2024-02,Oceania,Kia,Elantra EV,Hatchback,69.94930097659208,1.0206667987065647,Middle Income,Yes,128.62925136391976
2024-10,Oceania,Ford,Rio EV,Hatchback,76.74030325868567,3.8899526946610345,High Income,No,136.66192743804916
2024-06,Oceania,Nissan,Corolla EV,SUV,53.76709271275424,2.009871514007995,High Income,Yes,127.13240390575385
2024-04,Oceania,BYD,iX,SUV,64.28374546189171,2.873767598788332,Tech Enthusiast,No,124.75520602844668
2024-05,Oceania,Ford,Model 3,Truck,99.13578753528196,10.379544928992933,Tech Enthusiast,Yes,146.98569501247516
2024-09,Oceania,Ford,i4,Truck,60.16349145489531,16.388680588211354,High Income,No,149.35987310759268
2024-07,North America,Volkswagen,Model Y,Truck,45.75720239374488,0.0,Tech Enthusiast,Yes,114.12082511352575
2024-11,Europe,BMW,Leaf,Hatchback,76.349602222342,11.320753563054057,Tech Enthusiast,No,143.77467814056786
2024-03,Asia,BMW,Tucson EV,Coupe,46.192420288611515,9.36509174136066,High Income,Yes,125.39222829217803
2024-03,Oceania,Kia,ID.4,Hatchback,91.75173520853197,9.70900451816648,Budget Conscious,Yes,143.0330055898289
2024-05,Asia,Hyundai,Han EV,Hatchback,43.335469959843756,2.017442574056937,High Income,Yes,120.50498257503249
2024-01,South America,Kia,Atto 3,Sedan,46.75643725781359,7.288108147395524,Budget Conscious,No,122.81163087663482
2024-04,Africa,Toyota,i4,SUV,59.51020225250167,19.077350413954267,High Income,Yes,152.78302835358383
2024-10,North America,Toyota,i4,Truck,85.20444946931082,6.809691378519215,High Income,Yes,138.3845050679723
2024-07,Europe,Toyota,Leaf,Truck,85.42282547746505,18.615104032019477,High Income,Yes,157.04455936435772
2024-08,Oceania,Kia,Atto 3,Sedan,42.481996397739444,14.948898586023741,Tech Enthusiast,No,127.63550620752864
2024-01,Africa,BMW,iX,Coupe,86.89886468821778,6.960513013106216,High Income,Yes,135.63072640606623
2024-07,Oceania,BMW,Atto 3,Hatchback,99.3375073899063,13.681964402508777,Tech Enthusiast,Yes,154.8465228694734
2024-02,Africa,BMW,i4,Truck,43.35865406617215,1.939383995687136,Budget Conscious,No,118.48890261472567
2024-12,Oceania,Kia,i4,Hatchback,85.83548828142573,0.0,Budget Conscious,Yes,136.0622260343622
2024-12,Europe,Ford,Model 3,Truck,68.96657333067118,10.387213324189362,Tech Enthusiast,No,135.77611130846785
2024-03,Oceania,Hyundai,ID.4,Truck,94.1847189340092,14.540653498748846,Budget Conscious,Yes,147.15999752379227
2024-03,North America,Tesla,Rio EV,Truck,68.0948641416993,7.961303053256513,Tech Enthusiast,Yes,139.55976922907524
2024-09,Oceania,Ford,Atto 3,Hatchback,90.2864666172804,0.0,Middle Income,No,131.85120248199377
2024-07,North America,Hyundai,ID.5,Truck,47.798416739076046,4.193025152742715,High Income,No,123.43910103340701
2024-11,Oceania,Tesla,i4,Hatchback,79.71810629611954,10.166067814184233,High Income,Yes,147.22203697996503
2024-12,Africa,Kia,Model 3,Truck,88.00090101186254,12.461116395759596,Budget Conscious,No,143.67585985383826
2024-01,South America,Volkswagen,ID.3,Hatchback,47.638212693061455,17.762621322415715,Budget Conscious,Yes,134.96698601407024
2024-06,Africa,Volkswagen,ID.4,Hatchback,56.17289219393874,7.696980110308287,High Income,No,138.3338912609395
2024-02,South America,BYD,Han EV,Crossover,99.38118254178455,7.841011025201395,Tech Enthusiast,No,144.34860505151843
2024-01,Africa,Volkswagen,Corolla EV,Sedan,82.11702100501743,4.801038248599019,Budget Conscious,No,139.40193075192227
2024-06,Europe,Ford,iX,Crossover,71.72703058994247,2.9588128987266713,High Income,Yes,134.7788878562868
2024-03,Asia,Ford,Corolla EV,Hatchback,70.1752853949859,15.469133564662405,Tech Enthusiast,No,140.6868084322714
2024-02,Asia,Kia,ID.4,Truck,93.90084952830546,18.019539148985473,Middle Income,Yes,149.4794026016676
2024-06,Africa,Nissan,Leaf,Truck,87.49343635168277,1.9162356178918065,Tech Enthusiast,Yes,135.4015949656231
2024-07,Africa,Ford,iX,SUV,48.44023955017742,6.104754449625616,Tech Enthusiast,Yes,126.88647177865
2024-09,Oceania,Kia,Corolla EV,Crossover,77.47972813392553,7.606793710417097,Middle Income,Yes,143.572831900501
2024-07,North America,BMW,iX,Hatchback,51.28722316521639,0.9742725028263923,Budget Conscious,Yes,129.1812855385514
2024-08,Africa,Toyota,iX,SUV,80.75863238556533,16.292868013969,High Income,Yes,142.87690500383042
2024-04,Africa,Nissan,Ariya,SUV,51.29990366875732,13.794270018067321,Eco-Conscious,Yes,130.11401620072542
2024-05,North America,BYD,Leaf,Hatchback,93.98896623469446,2.0106429500133873,Budget Conscious,Yes,138.39164804043054
2024-12,South America,Hyundai,Model 3,Hatchback,45.587010260545505,18.18146690064132,High Income,No,131.88455906256266
2024-12,Africa,Ford,Leaf,Hatchback,58.51172770053703,1.014861840671636,Eco-Conscious,Yes,133.18965284000762
2024-02,Africa,Hyundai,iX,Hatchback,42.22769395423496,3.0155216280501747,Tech Enthusiast,No,123.69411418514652
2024-10,Oceania,BMW,ID.4,Truck,83.79730002008709,0.0,High Income,No,135.96613517551427
2024-05,Oceania,Ford,ID.3,Truck,44.75793444375851,17.49532659360483,Budget Conscious,No,129.94065538698646
2024-12,North America,BYD,Corolla EV,Truck,80.59439202487711,16.05482908949518,Budget Conscious,Yes,151.94434452455815
2024-03,North America,BMW,Atto 3,Truck,77.56262466626892,3.9935767806258236,Middle Income,Yes,136.32993967542413
2024-09,Asia,BMW,i4,Crossover,65.56655963547891,2.0408149952626946,Tech Enthusiast,Yes,133.45767199227737
2024-07,Europe,Nissan,Model 3,Hatchback,48.79547481338159,2.993447080424063,Budget Conscious,Yes,128.63875978002793
2024-01,Oceania,BYD,Leaf,Truck,98.11362498546075,7.906649396409311,High Income,Yes,142.51567264401
2024-01,Oceania,BMW,Tucson EV,Hatchback,82.51470239642866,0.9650652218735758,Budget Conscious,Yes,130.56314048268902
2024-03,Africa,Toyota,i4,Crossover,39.48912601678658,0.9525209835593915,Tech Enthusiast,Yes,113.7079090159401
2024-02,Oceania,BYD,ID.5,Hatchback,73.54890845287464,9.62382534066982,Eco-Conscious,No,138.69380197111164
2024-12,Oceania,BMW,iX,Truck,63.67013902694742,12.383307487109501,Budget Conscious,No,141.42368392541968
2024-01,Oceania,BMW,Ariya,Hatchback,65.25720506509319,9.421559851269357,Budget Conscious,No,140.64426515195615
2024-04,Africa,Volkswagen,Model 3,Coupe,40.94279654515399,19.802694194924243,Budget Conscious,Yes,143.1331875755897
2024-06,South America,Volkswagen,Model 3,Sedan,60.37746342947871,7.042492052611499,Tech Enthusiast,No,139.6145161438727
2024-10,Oceania,Nissan,ID.4,Coupe,73.49329262729917,4.029979182204068,Budget Conscious,Yes,134.70650815958763
2024-04,North America,BYD,Atto 3,Truck,54.00199621459527,10.366109790306572,Eco-Conscious,No,138.11514285236612
2024-06,North America,Tesla,Atto 3,Coupe,43.94233073572501,9.302328643328796,High Income,Yes,131.94393402604712
2024-11,Africa,Kia,Leaf,SUV,65.08288130286722,12.185468461344827,Budget Conscious,No,138.8801024774455
2024-06,Oceania,Kia,iX,Hatchback,65.32814810532048,2.0331979502231294,Tech Enthusiast,Yes,124.97324996754305
2024-01,North America,BMW,Rio EV,Hatchback,68.99234939995493,12.287419436830733,Tech Enthusiast,Yes,141.96681760631762
2024-08,Oceania,Volkswagen,ID.3,Truck,67.67018303732956,3.9918886635839117,Middle Income,Yes,130.71506897587625
2024-12,Africa,Kia,Model 3,Sedan,82.1062672744444,2.0172457678045506,Tech Enthusiast,No,132.59855794989085
2024-05,Europe,Ford,Rio EV,Crossover,45.918298352253125,8.116340414311665,Middle Income,Yes,131.2691240064275
2024-06,North America,Nissan,Tucson EV,Truck,65.33232504560412,3.005986016412401,Budget Conscious,Yes,131.69867644898375
2024-08,North America,Hyundai,Tucson EV,Truck,85.75692073950488,2.9258564366460047,Tech Enthusiast,Yes,137.2252045670493
2024-07,North America,Volkswagen,Model 3,SUV,85.85034704238947,8.793350327508497,Budget Conscious,No,148.12109639046588
2024-09,North America,Volkswagen,Leaf,Sedan,76.8524351836581,14.089934084675193,Eco-Conscious,Yes,150.47524529177926
2024-12,North America,Hyundai,i4,Sedan,81.11823308846947,19.472751428949962,Eco-Conscious,Yes,149.47631786245825
2024-12,North America,Nissan,Mach-E,Truck,76.76453651006956,3.9204671057948675,High Income,No,143.53459913491733
2024-08,Oceania,Hyundai,Model 3,Crossover,54.1944437605223,11.321907683936637,Tech Enthusiast,No,136.53966987775283
2024-10,Asia,Volkswagen,Rio EV,SUV,91.66912991385932,18.46690723852135,Eco-Conscious,Yes,163.41169961403915
2024-07,North America,Kia,Leaf,Hatchback,49.138543994776285,10.10890286876996,High Income,Yes,135.9362052938319
2024-01,Africa,Nissan,Model 3,Truck,77.63832370265106,3.079115170104021,High Income,No,141.33408072642285
2024-12,North America,Toyota,Leaf,Hatchback,101.6528122275103,0.0,High Income,Yes,147.46650802355478
2024-10,Asia,Tesla,ID.4,Truck,72.9488537980564,20.430513988310047,Budget Conscious,Yes,142.86957152223124
2024-03,North America,BMW,Ariya,Crossover,41.112476959818096,9.817880699408937,Middle Income,Yes,126.12989304186175
2024-05,North America,BMW,Han EV,Hatchback,62.01534600870158,7.21944662170308,Eco-Conscious,No,129.8971833675233
2024-02,Africa,Nissan,Leaf,Sedan,82.95024958335404,1.908481326744015,High Income,Yes,131.23492245930663
2024-02,Oceania,BMW,Rio EV,Hatchback,92.79755598733972,14.061643418128636,Tech Enthusiast,No,158.13417127009012
2024-03,Africa,BMW,Model 3,Coupe,47.98977607382847,14.175288238675396,Tech Enthusiast,Yes,141.19109633512969
2024-06,South America,Tesla,Han EV,Crossover,62.68583223416309,17.005174683686057,High Income,Yes,140.3781428389064
2024-03,Asia,Hyundai,Atto 3,Hatchback,71.26402530988177,12.278884200958467,Tech Enthusiast,No,140.7134538144839
2024-07,Africa,BYD,Corolla EV,Truck,87.58017418336964,16.10634649441604,Tech Enthusiast,No,159.98633144766094
2024-10,Oceania,Volkswagen,Rio EV,SUV,70.387197523518,3.0845203015843055,Tech Enthusiast,No,132.82758254041667
2024-08,North America,BMW,Tucson EV,Truck,72.41160294648604,2.9250582322767125,High Income,No,133.54946130532537
2024-08,Oceania,BYD,Rio EV,Hatchback,56.09006347032533,3.815174904307007,Budget Conscious,No,121.6691566203918
2024-06,Oceania,Hyundai,i4,Hatchback,86.55534205674431,17.220703730234877,Eco-Conscious,Yes,152.60785652717732
2024-12,Africa,Ford,ID.3,Hatchback,42.75708978241735,3.9288192572620897,Eco-Conscious,No,122.5853025426463
2024-08,Africa,Tesla,Model 3,Hatchback,63.51092419568249,0.9954404536864668,High Income,Yes,131.33737984530848
2024-06,North America,Kia,ID.4,Coupe,90.25437613693556,14.620565673757325,Middle Income,Yes,160.90121513927048
2024-04,Africa,Volkswagen,Elantra EV,Sedan,62.00497362459678,15.436674982307325,Budget Conscious,No,141.33940027841885
2024-01,Europe,Kia,Leaf,SUV,46.217480799265466,18.40923434354381,Tech Enthusiast,No,132.00542677355733
2024-01,Oceania,Volkswagen,Mach-E,Crossover,42.27183986030466,0.0,Eco-Conscious,Yes,117.79701673868439
2024-05,Oceania,BYD,Rio EV,Coupe,60.17017338448199,7.051300363140323,Middle Income,Yes,136.152505100595
2024-12,South America,BMW,ID.5,SUV,80.59402420233866,6.063143794804923,Middle Income,No,144.07731744162868
2024-11,Oceania,Kia,Corolla EV,Sedan,68.86106323358148,5.878816044337656,Budget Conscious,Yes,132.2223995682268
2024-09,North America,Volkswagen,Atto 3,Crossover,45.89796666252423,19.428238111811076,Eco-Conscious,No,133.2864381685029
2024-02,Europe,Kia,ID.5,Crossover,98.38922768386053,8.286440395628144,Budget Conscious,Yes,153.8230388999449
2024-02,Asia,BYD,i4,Crossover,45.64995895756187,0.0,High Income,No,117.74906017522979
2024-12,North America,Ford,Rio EV,Hatchback,80.08194730348366,13.340021962546286,Budget Conscious,Yes,141.08070592523384
2024-10,Oceania,Nissan,Han EV,Truck,89.68364943697968,0.9619251495389273,Eco-Conscious,Yes,138.00622720912386
2024-06,North America,Tesla,Elantra EV,Sedan,74.49789024590288,1.9136493360516598,Budget Conscious,No,129.5324461829755
2024-06,Africa,Kia,ID.3,Sedan,74.0037975188813,1.025456776624114,Tech Enthusiast,No,126.92163745110352
2024-11,Africa,BYD,Han EV,Truck,45.855365351061344,19.910085884098095,High Income,No,131.4027033140216
2024-07,North America,Volkswagen,Leaf,Coupe,52.700584514936956,10.876581253155338,Budget Conscious,Yes,139.9862348059947
2024-12,Africa,Tesla,ID.3,Hatchback,74.62520436163798,13.396252566487604,Budget Conscious,No,144.50335522056787
2024-05,Asia,Kia,Rio EV,Crossover,47.81219674531385,14.387060879307695,Eco-Conscious,No,133.94999382386922
2024-04,North America,Ford,iX,Hatchback,48.4480317698776,8.966189033899356,Middle Income,Yes,134.6673228064333
2024-06,North America,BYD,Atto 3,Hatchback,80.69760799722586,14.773989122047542,Tech Enthusiast,No,148.2573060287995
2024-09,Africa,BMW,Model Y,SUV,90.42333328622252,2.06339386998452,Middle Income,No,136.1368319965084
2024-10,Asia,BYD,Han EV,Hatchback,63.82621341546008,3.020433338694468,Budget Conscious,No,131.35967431966284
2024-06,North America,Volkswagen,Model Y,Truck,66.77608812686991,16.47103220993863,High Income,No,152.19725630481872
2024-10,Africa,BYD,Leaf,Crossover,75.65933934441237,6.252804297234639,High Income,Yes,137.21657454484563
2024-02,North America,Ford,Corolla EV,Hatchback,87.3515586528506,10.928343137257745,Budget Conscious,Yes,153.01075255185347
2024-08,Africa,Hyundai,Rio EV,Coupe,66.31867568967638,2.0236393832472253,Tech Enthusiast,Yes,133.88063373219182
2024-07,Africa,Volkswagen,Han EV,Hatchback,96.1060124991115,8.992491443049321,Budget Conscious,No,154.16061156573107
2024-03,South America,Toyota,Han EV,Crossover,46.15667058832386,18.74864771596247,Tech Enthusiast,Yes,140.89055941681764
2024-06,Oceania,Hyundai,Corolla EV,Hatchback,78.20276151136346,11.447433183723339,High Income,Yes,144.5714269225571
2024-08,Africa,Nissan,Leaf,SUV,78.94663027053119,15.420315416723266,Budget Conscious,No,146.52947931423714
2024-12,North America,Toyota,ID.4,Hatchback,71.94181842142046,13.169548985057357,Tech Enthusiast,Yes,137.82012903367928
2024-04,North America,Volkswagen,Atto 3,Hatchback,56.76009660783214,13.417267730594219,Tech Enthusiast,No,134.88058920795083
2024-04,Oceania,BMW,Rio EV,Truck,80.28123660744872,7.945218304123054,Budget Conscious,Yes,149.6542678846818
2024-05,Oceania,Kia,iX,Truck,75.88846370602347,8.121668672826312,Budget Conscious,No,134.84674544176707
2024-12,Oceania,Hyundai,Elantra EV,Truck,93.66995509303032,20.274045571509735,Budget Conscious,Yes,165.6838596096964
2024-08,North America,Nissan,iX,Sedan,78.07793407943075,3.982050865310332,Tech Enthusiast,Yes,139.11984651389162
2024-01,Africa,BMW,Atto 3,SUV,92.3167227808228,11.529430563611019,Tech Enthusiast,Yes,155.6446553248153
2024-03,Asia,Kia,Corolla EV,Truck,65.54327131194643,13.886263623420318,Budget Conscious,No,134.01808608530416
2024-08,Africa,Toyota,i4,Hatchback,55.26966858969383,2.9889444549671125,Middle Income,No,121.35786446958686
2024-02,North America,Toyota,ID.4,SUV,82.68841061812086,8.593100719962566,Eco-Conscious,Yes,139.38010022900227
2024-02,Asia,Volkswagen,Model 3,Coupe,83.59002454489993,16.819288416143817,High Income,Yes,154.64964561996985
2024-04,Africa,Hyundai,Model 3,Hatchback,42.05335954779493,11.4932113095105,High Income,Yes,130.86631037888765
2024-06,Oceania,Toyota,Elantra EV,Hatchback,41.62697663008735,17.48694118413098,Tech Enthusiast,Yes,131.9055445903616
2024-12,Oceania,BYD,Ariya,Hatchback,79.80769088676522,18.39094298051878,Budget Conscious,Yes,157.6297516160371
2024-12,North America,Kia,i4,SUV,75.20416301316035,8.603210529557092,High Income,No,139.578255169473
2024-08,Africa,BMW,Atto 3,Coupe,91.47279902974691,7.331768991818172,High Income,Yes,151.2164245424132
2024-01,Oceania,Kia,Han EV,Hatchback,62.17845981644864,0.0,Budget Conscious,Yes,127.81098430450054
2024-11,Asia,Hyundai,Rio EV,Hatchback,52.531162892086634,0.0,Budget Conscious,Yes,127.56364369047073
2024-06,South America,BYD,Han EV,Truck,50.38201746539293,5.039857624253422,High Income,Yes,124.26482427957242
2024-06,Africa,Toyota,Model S,Hatchback,101.25546509451232,3.823686470609842,High Income,No,152.17745859398536
2024-07,Europe,Volkswagen,Mach-E,Hatchback,76.6243420314044,14.556906545876489,Tech Enthusiast,No,155.85363930053634
2024-01,North America,Kia,Model S,Truck,62.87583613849717,19.8826738943211,Eco-Conscious,No,144.42628399921517
2024-07,North America,Ford,Rio EV,Coupe,75.35269079443577,17.6732212480729,High Income,No,150.51217658550297
2024-05,South America,Toyota,Atto 3,SUV,84.02463132288831,14.127996735056627,Budget Conscious,Yes,148.97480206895645
2024-02,Oceania,Nissan,Rio EV,Truck,62.856476094759195,0.0,Budget Conscious,No,127.53069400240086
2024-08,Asia,Kia,i4,Coupe,69.48345494720054,9.690685052919573,Middle Income,No,146.15471441205236
2024-09,North America,Tesla,Model 3,Coupe,95.9225952058582,8.212790382754717,Tech Enthusiast,Yes,142.16228572829235
2024-05,Oceania,Volkswagen,Leaf,Hatchback,51.31003903256174,3.1239490804092758,Middle Income,No,122.23479897906222
2024-08,Asia,Toyota,Model 3,Crossover,51.5569770490497,12.66814039363552,Budget Conscious,No,129.7711589002736
2024-10,North America,BYD,Leaf,Coupe,69.57646740805566,7.232974523849293,High Income,Yes,130.5979643052364
2024-02,Africa,Ford,iX,Truck,63.394137629115846,12.608628655711442,Budget Conscious,No,147.4151814132805
2024-12,Africa,Toyota,Elantra EV,Crossover,98.81924570469116,16.263986446603326,Eco-Conscious,Yes,154.30972455468293
2024-07,Europe,Hyundai,iX,Coupe,92.433577351825,17.732505616338425,High Income,No,152.83461180474464
2024-11,North America,Hyundai,Elantra EV,Sedan,46.076811178142364,1.0165299128911567,Middle Income,Yes,119.95168518232474
2024-12,Africa,Kia,Atto 3,Sedan,51.693191187167976,13.387208953767248,High Income,Yes,138.02466078525612
2024-02,Asia,Ford,iX,SUV,97.15881566173421,10.074229841549394,High Income,No,153.12177829055122
2024-01,North America,BMW,Rio EV,Truck,79.68025682557612,0.0,Tech Enthusiast,Yes,138.1580867263591
2024-04,Africa,Nissan,Model 3,Truck,82.32001114338081,7.076926688582679,Budget Conscious,Yes,138.17918020647733
2024-12,Africa,Toyota,Leaf,SUV,43.451438090339465,9.298395167227156,Tech Enthusiast,No,131.04288991499652
2024-08,South America,Hyundai,Leaf,Coupe,48.12526968111837,1.9107946736300223,Eco-Conscious,No,118.04601911084175
2024-01,North America,Ford,Ariya,Sedan,96.05704144238638,15.387273954470782,Tech Enthusiast,Yes,158.04026994872035
2024-11,Oceania,Toyota,Atto 3,SUV,65.6991468829767,17.547587721941547,Budget Conscious,No,140.79246558611646
2024-04,North America,Kia,Rio EV,Coupe,45.576146152311146,3.910463548070921,Eco-Conscious,No,122.22487508233684
2024-01,Africa,Toyota,ID.4,SUV,90.8470017326827,15.824882577058878,Tech Enthusiast,Yes,157.19463068199153
2024-07,Oceania,BYD,Corolla EV,Sedan,80.70692354956775,7.071165812026584,Middle Income,Yes,136.95107968643828
2024-01,Oceania,Ford,Corolla EV,Hatchback,89.61881635371707,11.144073391085337,Budget Conscious,No,154.00508508805902
2024-03,North America,Kia,Corolla EV,Hatchback,78.51062970906708,5.860292730508932,Eco-Conscious,Yes,132.83833943905054
2024-09,Asia,Hyundai,Mach-E,Truck,73.1894443970646,8.004024777966471,Eco-Conscious,Yes,133.7480310459445
2024-04,North America,Nissan,ID.5,Sedan,51.38794231804209,9.73530528762424,Eco-Conscious,No,125.55339919472186
2024-12,Oceania,Kia,Mach-E,Truck,96.41969879571256,3.0201084620423675,High Income,No,142.32596022977825
2024-09,Oceania,Toyota,Elantra EV,Truck,70.64345300987854,1.9109140180661588,High Income,No,138.11486679703762
2024-09,Oceania,Nissan,Tucson EV,SUV,51.07271158542748,3.0460768338818194,Budget Conscious,Yes,128.02068165774577
2024-05,Asia,Nissan,Model Y,Hatchback,79.26450040109121,14.434670462512903,Budget Conscious,No,154.7612337725756
2024-03,North America,Volkswagen,ID.4,Truck,61.632384031785115,13.379745607409406,Eco-Conscious,Yes,145.81563473233052
2024-08,North America,Ford,Model Y,Crossover,54.44660583346055,15.137016453368624,Tech Enthusiast,No,136.4205699855235
2024-01,Oceania,Hyundai,Ariya,Hatchback,49.77775636959012,9.428445154082748,High Income,Yes,132.1784793383967
2024-06,Africa,BMW,ID.4,Hatchback,40.432226227524666,2.9925735271148155,High Income,Yes,125.47192012523834
2024-10,North America,Nissan,Rio EV,Truck,88.74588025249533,17.32396396907293,Tech Enthusiast,Yes,154.8507505051947
2024-11,North America,BMW,ID.5,SUV,83.0596042148215,16.530944265857748,High Income,No,146.9893038607974
2024-03,South America,Nissan,Rio EV,Crossover,76.19143024721497,18.148699992736567,Budget Conscious,No,158.83677953812557
2024-07,Asia,Kia,Leaf,SUV,76.74170527868995,1.0252015911187666,Tech Enthusiast,No,132.3594657608874
2024-04,North America,BMW,Han EV,SUV,42.7811259374365,0.0,Tech Enthusiast,Yes,124.0904175651877
2024-07,Africa,Hyundai,Model 3,Hatchback,63.133348292286584,15.48660665572026,High Income,No,137.52058396729575
2024-11,Africa,Ford,Atto 3,Truck,78.18353500183397,20.02045942588763,Tech Enthusiast,Yes,153.47827508460782
2024-03,Oceania,Volkswagen,Tucson EV,Crossover,68.83786956206664,20.32136196237874,Budget Conscious,Yes,154.55006531228395
2024-08,Asia,Toyota,Rio EV,Hatchback,93.56104635798427,8.800018020204156,High Income,Yes,141.35688492921474
2024-05,North America,Kia,Tucson EV,Truck,49.84814917499877,14.97825386908403,Eco-Conscious,Yes,129.6632791372632
2024-01,Oceania,Ford,Rio EV,Hatchback,62.7707165837978,13.412787380398681,Eco-Conscious,No,145.53689487737645
2024-06,Oceania,BMW,Model 3,SUV,51.969878164838605,1.0065520007046456,High Income,Yes,126.21356712696496
2024-11,Oceania,Tesla,Elantra EV,Coupe,86.582768569993,13.598291785300752,Tech Enthusiast,Yes,154.9268984257292
2024-05,North America,Kia,Leaf,Hatchback,98.74314800232843,11.980524227543876,Middle Income,Yes,156.1382801260925
2024-06,Africa,Toyota,Model 3,Hatchback,60.45484508244791,1.93849835218208,Tech Enthusiast,Yes,132.93076383434087
2024-01,Europe,Ford,ID.3,Sedan,69.13769227042131,7.875491970832876,Budget Conscious,No,140.01022788249531
2024-07,Oceania,BYD,Mach-E,Hatchback,95.38102523429902,3.084446048452523,High Income,No,139.11000093419392
2024-09,North America,BMW,Atto 3,Sedan,86.09735909924967,10.377134407438708,High Income,Yes,148.87188889394895
2024-10,Africa,Kia,Atto 3,Hatchback,49.70723194371896,3.830746945757529,Tech Enthusiast,Yes,129.91733312501282
2024-09,North America,BMW,Model 3,Hatchback,92.27785131885727,9.241296519023951,Tech Enthusiast,No,150.54243185924005
2024-09,Africa,Ford,Elantra EV,Hatchback,81.03559046876124,18.093791908797247,Budget Conscious,No,153.29123037320917
2024-06,North America,Hyundai,Corolla EV,Coupe,65.22221882436013,0.0,Eco-Conscious,Yes,123.09353204822304
2024-07,Africa,Hyundai,Rio EV,SUV,59.18782041501419,9.435713740450055,Eco-Conscious,Yes,129.36861348340045
2024-01,North America,Hyundai,Model S,Hatchback,63.2979849967279,3.0112813825002482,High Income,Yes,132.2338414499072
2024-06,North America,Kia,Ariya,SUV,64.83001528668825,18.21620933612167,Budget Conscious,Yes,154.09750004589068
2024-07,Oceania,Tesla,Leaf,Truck,61.68928686678663,7.7819180441738895,Tech Enthusiast,Yes,138.92558003950754
2024-09,Africa,Toyota,Han EV,Coupe,87.79462402511314,4.046988545883516,Budget Conscious,Yes,144.80776948440754
2024-06,South America,Nissan,Mach-E,Hatchback,39.334191751470286,11.005605552359324,Tech Enthusiast,No,124.66554698843478
2024-09,Europe,Toyota,i4,SUV,61.11801532349235,7.158437416324015,Eco-Conscious,Yes,134.9624411476398
2024-02,Oceania,BMW,Corolla EV,Coupe,76.48506365756118,2.8942851300028822,Tech Enthusiast,Yes,134.90457560050524
2024-10,North America,Kia,Han EV,Truck,44.50620094910505,12.418916086518239,Middle Income,Yes,127.84540279260854
2024-06,Europe,Nissan,Elantra EV,Hatchback,83.73387373764531,0.0,High Income,Yes,133.1565385348812
2024-08,Oceania,Volkswagen,Atto 3,Sedan,54.62110609971295,3.132452024639219,Budget Conscious,No,122.50744122248224
2024-12,Africa,Volkswagen,iX,SUV,79.41594952567145,1.953968997454793,Middle Income,Yes,139.167097918033
2024-03,North America,Nissan,Han EV,Sedan,45.7801358113428,8.573055878480659,Eco-Conscious,Yes,128.74459285999953
2024-04,Africa,Ford,Rio EV,SUV,88.52841813235587,18.11359565789127,Middle Income,Yes,150.61552811460743
2024-10,North America,Volkswagen,Han EV,Hatchback,56.145754572535864,9.998473993934907,Budget Conscious,No,133.59471699597094
2024-12,Oceania,Hyundai,Leaf,Truck,62.13946737935883,14.287248641407718,Budget Conscious,No,138.15306882852863
2024-06,Oceania,Ford,Han EV,Truck,58.33465219429528,15.756106114316468,Budget Conscious,Yes,140.3447565533169
2024-10,Oceania,Ford,Tucson EV,Hatchback,58.88047384425644,18.876802061982623,Tech Enthusiast,No,148.47081325747476
2024-04,Oceania,BMW,Elantra EV,Coupe,40.17871142495361,6.714096721226573,Budget Conscious,Yes,124.55310705731813
2024-06,North America,BMW,Leaf,SUV,46.0956429926358,5.884798671164353,High Income,Yes,131.28876699108076
2024-03,Oceania,Tesla,Han EV,SUV,60.27200611077157,6.145363773794139,Budget Conscious,No,130.02929443685161
2024-01,Asia,Ford,ID.4,Sedan,100.51582475915544,0.0,Middle Income,No,141.58245987488107
2024-04,Asia,Kia,Ariya,Truck,46.674666800305125,9.341111504587225,Tech Enthusiast,Yes,129.92311199681419
2024-09,North America,Toyota,Corolla EV,Hatchback,53.12937245941642,5.731775368592374,Tech Enthusiast,No,124.83018355891144
2024-05,North America,Hyundai,Ariya,Sedan,74.2231208568894,18.569412610538095,Middle Income,No,153.87834840286456
2024-12,Oceania,BYD,Atto 3,Truck,44.2709022049036,2.9296558968079958,High Income,Yes,123.02123271661924
2024-06,Africa,Kia,Mach-E,Hatchback,46.11065466718476,12.86648468386265,Middle Income,Yes,131.91586661717398
2024-03,Asia,Hyundai,Rio EV,Hatchback,63.50294770909937,17.292688533346123,Budget Conscious,No,141.06475274688475
2024-02,North America,Tesla,ID.3,Truck,48.384063305989216,11.240500894097314,High Income,Yes,126.85192242498526
2024-02,Africa,Hyundai,ID.3,SUV,102.12113309560185,7.6107149321750915,Budget Conscious,No,157.47278378675983
2024-01,Oceania,BYD,i4,Truck,104.13471673362666,3.079015964330182,Tech Enthusiast,Yes,144.299365344703
2024-04,Asia,Kia,Mach-E,Truck,51.6404454679803,6.002813006193221,Eco-Conscious,No,129.4768378770195
2024-08,Oceania,Hyundai,Tucson EV,Hatchback,84.37787922371658,17.76263113314822,Eco-Conscious,Yes,146.84889184361364
2024-01,North America,BMW,Model Y,Hatchback,84.26324331658577,8.31675816631362,Tech Enthusiast,No,138.32067186332495
2024-02,Africa,BMW,i4,Coupe,47.62564802428219,9.177032385173298,Tech Enthusiast,Yes,127.82456958119113
2024-03,North America,Kia,Atto 3,Coupe,86.8577086079357,18.05777847381342,High Income,Yes,158.15821791576715
2024-01,Oceania,Kia,Leaf,Hatchback,87.22229074762227,17.13832148068802,Middle Income,Yes,152.40318680199567
2024-01,Africa,Kia,Corolla EV,SUV,60.176465635877705,4.968367989386629,Budget Conscious,Yes,130.59538976806394
2024-12,Europe,Volkswagen,ID.4,Sedan,41.31075547227629,14.696472449823872,High Income,Yes,125.54915538145802
2024-11,Europe,Volkswagen,Model 3,Hatchback,47.67069907023535,15.573882839752121,High Income,Yes,135.97782989521792
2024-06,North America,BMW,ID.3,Hatchback,46.13371824507557,3.030443548202867,Tech Enthusiast,No,117.71957323613013
2024-07,Asia,Ford,Model S,Hatchback,42.77644748821277,3.055685141629637,Middle Income,Yes,126.19620890618175
2024-02,Africa,Volkswagen,ID.3,SUV,81.7676926551379,13.590169488781715,High Income,No,148.52321982193385
2024-07,North America,BYD,Elantra EV,Truck,74.22980008398397,14.291287684872799,Middle Income,Yes,143.12009574565957
2024-10,Asia,Kia,Rio EV,SUV,86.97485047147046,6.732083534015134,Budget Conscious,No,143.56281894569238
2024-05,Asia,BMW,Model Y,Sedan,54.211237373635406,11.099822365558113,Tech Enthusiast,Yes,127.19913343851007
2024-04,Oceania,BMW,Tucson EV,Hatchback,81.5071598061881,6.740897532985857,Tech Enthusiast,Yes,146.5351195737671
2024-10,Europe,Ford,Model S,Hatchback,76.0228196052703,13.916975844407869,Budget Conscious,No,149.53806610676477
2024-10,Oceania,BMW,i4,Hatchback,73.3147457164362,0.0,Tech Enthusiast,Yes,132.52620435512742
2024-11,North America,Volkswagen,Model Y,Hatchback,50.04875188720527,6.893106937303521,Eco-Conscious,No,132.26862294819708
2024-06,North America,BYD,Mach-E,Hatchback,88.77788036754826,0.9756213900909023,Budget Conscious,Yes,146.66880151081978
2024-09,Oceania,Tesla,Model 3,SUV,40.008629713294845,4.824964094305758,Budget Conscious,No,119.59839761915757
2024-02,Asia,BYD,iX,Sedan,45.28483254110621,17.84087271823779,Budget Conscious,Yes,137.54098171178117
2024-09,North America,Ford,Leaf,Crossover,44.77662469972094,8.630046688082752,Tech Enthusiast,Yes,132.73983011996683
2024-01,Africa,BMW,Elantra EV,Hatchback,87.30793797949471,12.424697027847959,Tech Enthusiast,No,141.94274092546814
2024-01,Oceania,BMW,Atto 3,Hatchback,81.60975579235766,0.9800897510095578,Tech Enthusiast,Yes,138.23006362172302
2024-09,North America,Kia,Han EV,SUV,85.62713322931364,16.348523837028882,Tech Enthusiast,Yes,157.1783484470125
2024-01,South America,Hyundai,Rio EV,Coupe,64.92238712408513,14.358322553782335,High Income,No,142.90107408990113
2024-02,North America,Nissan,Mach-E,Hatchback,91.28717220827718,3.1083035545533524,Eco-Conscious,Yes,145.58796273696672
2024-10,South America,Ford,ID.3,SUV,43.19149716600883,11.353490605640763,High Income,Yes,131.57540444807685
2024-12,Oceania,Tesla,Model 3,Coupe,63.082691228187336,7.303165191725625,Eco-Conscious,No,134.24720960652772
2024-03,North America,BMW,Rio EV,Coupe,94.09298930214824,4.832846821750109,High Income,Yes,145.1838809380855
2024-06,Europe,Toyota,ID.3,Truck,69.4007073850629,0.0,Eco-Conscious,Yes,138.01831177190493
2024-11,Africa,Kia,ID.4,SUV,50.22987639392615,7.109719046097123,Eco-Conscious,No,128.9873827588194
2024-06,South America,Kia,Mach-E,Sedan,42.913498444152815,13.508224239583843,Budget Conscious,No,126.38133684439977
2024-10,Africa,Hyundai,iX,Hatchback,102.06969432501525,14.044139390788747,High Income,Yes,151.27932161040204
2024-11,Oceania,Nissan,Atto 3,Hatchback,82.07544572522926,13.413679921566617,Eco-Conscious,Yes,143.93635997324935
2024-11,North America,Hyundai,Model 3,Truck,103.72276203173058,2.999660546236702,Budget Conscious,Yes,152.18950954973988
2024-07,North America,Nissan,Corolla EV,Sedan,69.21666714830076,6.940416332568226,Tech Enthusiast,Yes,133.89933612647343
2024-08,Oceania,Kia,Ariya,Hatchback,80.43115049583508,5.084219497181417,High Income,No,143.94304866297512
2024-07,Europe,BYD,Rio EV,Hatchback,50.97705792424961,6.787921691811523,High Income,No,127.7906373843
2024-07,North America,Ford,Tucson EV,Hatchback,45.00496709394962,18.532087272110658,Tech Enthusiast,Yes,131.7419889762049
2024-07,Africa,Kia,i4,Hatchback,68.97324295235326,14.395126554077105,Tech Enthusiast,Yes,151.13890922070615
2024-04,Africa,Kia,Leaf,Truck,84.60584316498866,4.871139841964249,Tech Enthusiast,Yes,135.22046963743617
2024-09,North America,Ford,Rio EV,Truck,74.3180945143209,16.059804513820584,Budget Conscious,No,146.0852505364415
2024-07,Oceania,Tesla,Model 3,SUV,71.34008845905905,12.350664137352657,Middle Income,Yes,150.54569262306757
2024-02,Africa,Toyota,Elantra EV,Sedan,102.13407105303384,12.555418843247109,Budget Conscious,Yes,158.73887563755537
2024-03,Africa,Ford,Leaf,Hatchback,98.93508378074863,13.97294178439693,High Income,Yes,148.23990853952247
2024-02,South America,Nissan,ID.4,Hatchback,93.48690398815917,0.0,Budget Conscious,Yes,148.36293816151235
2024-03,Africa,Hyundai,ID.3,Sedan,47.12409291890036,0.9989452907039633,Middle Income,Yes,122.06368620541176
2024-11,North America,BYD,Model 3,Truck,41.172376538623155,2.0480896684788936,Middle Income,Yes,126.17106392611278
2024-07,Oceania,Hyundai,Han EV,Coupe,91.90785522813141,6.118931724147376,Eco-Conscious,Yes,148.4439109885216
2024-12,Africa,Nissan,Han EV,Crossover,97.38803054456075,19.23942728519336,Tech Enthusiast,Yes,164.6991556582065
2024-10,North America,Hyundai,i4,Hatchback,44.343148570776776,1.024921856836157,Middle Income,Yes,126.42346090967271
2024-07,Asia,Volkswagen,Elantra EV,Truck,42.83478826308999,3.011845759269092,Budget Conscious,No,121.42461049806926
2024-04,Oceania,Ford,Corolla EV,Hatchback,53.59024031026269,0.9689436763532727,Tech Enthusiast,No,122.68887382072084
2024-05,Oceania,Toyota,ID.5,Sedan,51.57549596312085,18.4802015332812,Eco-Conscious,Yes,140.6775336843399
2024-07,Asia,Tesla,ID.3,Truck,92.91713627976901,14.654098766838716,Budget Conscious,Yes,159.80806070294025
2024-02,Africa,Toyota,Corolla EV,Hatchback,102.16860399927467,15.252973522470661,Eco-Conscious,No,160.66187530571125
2024-02,Oceania,Nissan,Rio EV,Crossover,73.52694720640896,16.172484014650557,Budget Conscious,Yes,149.31093374240152
2024-06,Africa,BMW,Model S,Hatchback,67.34717180800918,15.67609642947965,High Income,Yes,148.67008877271223
2024-01,Europe,Kia,ID.5,Truck,84.99793889320534,9.918747846759665,Budget Conscious,Yes,144.6643365786635
2024-03,Europe,Toyota,Model S,Hatchback,77.31500564801328,0.9803695631007222,High Income,No,133.12205690825823
2024-08,North America,Tesla,Atto 3,SUV,46.30142175242924,7.3480137318031105,High Income,No,129.71278201863146
2024-07,North America,Hyundai,i4,Hatchback,75.26278488379148,2.053747788588402,Budget Conscious,No,138.62894525457273
2024-05,North America,Volkswagen,ID.4,SUV,84.01633285724483,10.456607096748625,Middle Income,No,146.65770067107408
2024-09,Europe,BYD,Rio EV,Hatchback,59.306148486077475,13.31552220246272,Tech Enthusiast,Yes,134.13404755143776
2024-06,North America,Ford,i4,Hatchback,62.92540456473547,2.996855724600537,Budget Conscious,No,128.37582468694762
2024-10,Oceania,BYD,Ariya,Crossover,98.07515260733683,4.024250657696661,Eco-Conscious,Yes,138.57465755840875
2024-06,Asia,Tesla,Elantra EV,Sedan,76.16857218843741,16.52659972182345,Eco-Conscious,No,140.66900256385438
2024-06,North America,Nissan,Elantra EV,Crossover,65.11910445131261,1.9521789593030292,Tech Enthusiast,No,129.16104455507218
2024-03,Africa,Kia,Atto 3,Hatchback,84.21847367584854,10.813013724132656,Tech Enthusiast,Yes,144.5791074095942
2024-08,Oceania,BYD,Mach-E,Coupe,73.4673481338885,9.984373305742414,Budget Conscious,Yes,140.4885593252605
2024-05,Africa,Hyundai,Corolla EV,Coupe,47.72449213235774,2.904124969644556,Middle Income,Yes,127.24386344424865
2024-08,Europe,Kia,Han EV,Coupe,91.10622500162292,7.254985716660233,Budget Conscious,No,142.60315857100593
2024-06,Africa,Volkswagen,Elantra EV,Hatchback,53.083126543863095,11.058730559766001,Eco-Conscious,Yes,137.50974632856784
2024-04,Asia,Ford,Elantra EV,Truck,84.39296990928896,9.78771128243578,Eco-Conscious,Yes,142.52677584586044
2024-01,Africa,Toyota,Model 3,Crossover,94.66722033750713,8.97180129236077,High Income,No,144.39233571589523
2024-09,Oceania,BMW,ID.4,Hatchback,95.69841907216386,11.176876587207701,Middle Income,Yes,151.25430099991684
2024-09,Africa,Hyundai,Tucson EV,Hatchback,77.96911520851415,6.858794889983504,Tech Enthusiast,Yes,136.66907809669462
2024-12,Oceania,Ford,Atto 3,Coupe,62.778481148849835,19.37414193528157,High Income,Yes,145.92930769702926
2024-10,North America,BYD,Tucson EV,Truck,42.14835931648234,20.07868366295678,High Income,Yes,131.39676906609756
2024-07,North America,Nissan,Rio EV,Hatchback,82.85990540668058,3.13251253341526,Budget Conscious,No,138.63168206875716
2024-05,Oceania,BMW,Han EV,Hatchback,43.79281923718698,9.002392136878687,Tech Enthusiast,Yes,125.49067716854853
2024-01,South America,Ford,Leaf,Hatchback,61.35676503675962,10.787205758986367,Tech Enthusiast,No,141.81037713290164
2024-02,North America,BYD,Model S,Hatchback,79.16741585648944,18.54065185166888,Middle Income,No,152.96799490539772
2024-10,Europe,Toyota,Han EV,Crossover,96.15317049102724,8.933880712064672,Tech Enthusiast,Yes,145.78294936270436
2024-02,Africa,Ford,Rio EV,Hatchback,42.05675307718459,1.0284298808707044,Tech Enthusiast,Yes,119.53612314901686
2024-08,Asia,Nissan,Corolla EV,SUV,56.77627599449794,2.081477986092172,Middle Income,No,122.84782250417587
2024-11,Oceania,Toyota,Han EV,Hatchback,80.71076056948083,8.824427652074995,Tech Enthusiast,Yes,137.2829148140135
2024-08,Africa,Ford,Elantra EV,Coupe,39.68146717796222,1.0367509432094404,Eco-Conscious,No,123.75387632158922
2024-09,North America,Nissan,i4,Truck,94.26056382967923,17.181453340296535,Budget Conscious,Yes,156.48089411005336
2024-12,Asia,Hyundai,Rio EV,Coupe,47.800681333502475,15.433890157136847,High Income,Yes,137.12309452309657
2024-10,North America,Toyota,Atto 3,SUV,82.69585965711936,7.153905680116742,Eco-Conscious,Yes,138.16952832121623
2024-03,Asia,BYD,ID.4,SUV,68.70488772218452,11.66102812399377,Budget Conscious,Yes,139.31501304698995
2024-01,North America,Hyundai,ID.5,Coupe,84.30626812350631,0.0,Budget Conscious,No,134.9058397728786
2024-09,North America,Hyundai,Rio EV,Coupe,69.4307917966473,4.076556633907839,Eco-Conscious,Yes,140.60643196961828
2024-11,Oceania,Kia,ID.3,SUV,48.3653947186579,14.125419044314285,Budget Conscious,Yes,139.93635868221634
2024-09,Africa,Hyundai,Atto 3,Sedan,90.68778546063476,14.293857749700814,Tech Enthusiast,No,149.17703588991418
2024-09,Europe,Ford,Atto 3,Coupe,69.02733733013919,12.508925461794814,Budget Conscious,Yes,139.80596957953395
2024-09,Oceania,Hyundai,Model Y,SUV,64.44884245403917,14.954838405130005,High Income,Yes,145.41872956762387
2024-11,Africa,Hyundai,Tucson EV,Truck,93.47764432034796,15.658756601767847,Tech Enthusiast,No,160.97257971755852
2024-06,South America,Kia,Atto 3,Hatchback,44.254210106709394,6.181583361002919,Budget Conscious,Yes,127.74371100540047
2024-12,Oceania,BYD,Rio EV,Truck,79.42194360551767,20.5478401007737,Budget Conscious,Yes,147.19042872979963
2024-01,South America,Nissan,Mach-E,Coupe,97.05937497721628,14.298424167633897,High Income,Yes,154.15265398215803
2024-06,North America,Hyundai,Model 3,Sedan,74.51487068623858,1.0336441951529705,High Income,No,132.17301995705864
2024-07,Africa,Toyota,Mach-E,SUV,100.87508019699841,9.076539610526487,Eco-Conscious,Yes,144.59003717887748
2024-06,Africa,BMW,Rio EV,Truck,74.27549823744658,3.017539700619757,Middle Income,No,137.3072643406798
2024-11,North America,Nissan,Tucson EV,Hatchback,65.23115352502124,5.133687827647564,Tech Enthusiast,Yes,138.2339620930695
2024-10,Africa,BMW,i4,Hatchback,43.55206524508748,10.18438357012879,Budget Conscious,Yes,125.14131003740215
2024-02,North America,Ford,Atto 3,Coupe,67.28910827829844,1.0054151083959189,Budget Conscious,Yes,135.90037133683953
2024-07,North America,Nissan,Atto 3,Crossover,92.45209992821782,5.204535584962787,Tech Enthusiast,No,148.22305480181382
2024-04,North America,Toyota,Leaf,Hatchback,76.50753168377344,19.676830494056603,Eco-Conscious,Yes,147.19861186148773
2024-10,Oceania,Nissan,ID.4,Hatchback,59.226898549263915,1.9321641936101783,Middle Income,Yes,124.45244945697188
2024-02,Africa,BMW,Han EV,Hatchback,54.335282195154534,2.8879787563426342,Middle Income,No,124.29822855859007
2024-05,Africa,Kia,Rio EV,Hatchback,49.703174762069125,1.0441965595039253,Budget Conscious,Yes,119.52455607208158
2024-08,Europe,Volkswagen,Rio EV,Hatchback,62.654581094640285,7.1832248264207985,High Income,No,133.34087102162954
2024-04,North America,Volkswagen,i4,Hatchback,70.2888539557102,16.3427809922664,Middle Income,No,152.2456868094909
2024-10,North America,Hyundai,Model 3,Hatchback,49.34075778143075,2.014952075497447,Budget Conscious,No,121.25812223748582
2024-06,North America,Nissan,Atto 3,Hatchback,44.66516411448316,7.1139981152119365,High Income,Yes,127.9199949685796
2024-06,Oceania,Tesla,iX,SUV,69.00079144771932,6.68601465169959,Budget Conscious,No,131.42872493412148
2024-05,South America,Hyundai,Leaf,Hatchback,86.50357333169453,2.0487906390351283,Eco-Conscious,Yes,133.4539862857328
2024-01,Europe,Hyundai,Model 3,Hatchback,63.32762549477913,1.9514606630434332,Eco-Conscious,Yes,128.2729390600953
2024-06,Africa,Toyota,Atto 3,Truck,69.24622087884747,4.78839143887311,Eco-Conscious,No,139.34805306783187
2024-07,North America,Ford,Ariya,Hatchback,65.20781655047863,3.9451014360327163,High Income,Yes,135.5720984016145
2024-01,North America,Hyundai,i4,Coupe,93.69298443175175,1.003103689597537,Eco-Conscious,Yes,136.32565876305293
2024-06,Africa,Ford,Corolla EV,Hatchback,101.4670510672329,14.474628454956104,High Income,Yes,153.0813272285234
2024-05,Africa,Volkswagen,Leaf,Truck,64.8624808502982,14.249478048247541,Budget Conscious,Yes,140.7606129046954
2024-05,South America,Kia,Tucson EV,Hatchback,76.93168267836279,17.143759006779547,Eco-Conscious,Yes,149.64850020972008
2024-05,Asia,Nissan,Leaf,Sedan,95.32170867732307,14.374833018929193,Budget Conscious,Yes,156.43301229566876
2024-08,Oceania,Volkswagen,Leaf,Hatchback,85.42575334693244,18.91647292528772,Eco-Conscious,Yes,149.3808732975717
2024-12,Africa,Ford,Atto 3,SUV,76.83641364439518,10.70451921216101,High Income,Yes,151.28605433501724
2024-07,South America,Hyundai,Model Y,Crossover,61.73170601724427,8.347227118149236,Middle Income,No,139.0027465998603
2024-07,North America,BYD,Model 3,Truck,52.56078429268256,10.85289058189833,Eco-Conscious,Yes,135.90411677531344
2024-11,South America,Tesla,i4,SUV,83.30373987579925,8.234886731921144,High Income,Yes,136.45160519135496
2024-03,North America,Hyundai,Mach-E,SUV,90.8031569644633,8.206670841053766,Budget Conscious,Yes,143.50084316625282
2024-02,Africa,Hyundai,Model 3,SUV,64.04458921875383,4.158185736601795,Budget Conscious,No,127.75846512242724
2024-03,Africa,Kia,Tucson EV,SUV,66.57091863610985,18.80658244476166,High Income,Yes,153.5487360695345
2024-12,Oceania,Kia,ID.4,Hatchback,64.82801193742645,13.166327974447576,High Income,Yes,141.0708109445132
2024-05,North America,Hyundai,iX,Hatchback,47.0525876743793,2.961839374328994,Eco-Conscious,Yes,123.57288082708374
2024-05,Africa,Nissan,Ariya,SUV,44.56462026382952,16.514117868449546,Tech Enthusiast,No,135.92682862161902
2024-07,North America,Nissan,Tucson EV,Hatchback,46.637404704666814,5.017493154618537,High Income,Yes,122.4301059957906
2024-06,North America,BMW,ID.3,Truck,70.12756465900145,3.1226630123235366,Middle Income,Yes,134.51259097090474
2024-12,Africa,BMW,i4,Coupe,97.17487263834012,4.050564232252046,High Income,Yes,151.2484527623371
2024-05,Asia,BMW,Corolla EV,Coupe,66.8270080541904,6.75466541821621,High Income,Yes,138.12406710815185
2024-06,North America,Kia,Model Y,Hatchback,87.02161587588833,10.049020015260997,Eco-Conscious,No,142.4489291111082
2024-11,North America,Kia,Ariya,Hatchback,104.15283377236658,4.824429164762394,Budget Conscious,No,146.09807948278657
2024-07,Oceania,Tesla,Han EV,Hatchback,78.57206367326575,0.0,Budget Conscious,Yes,132.94329640842315
2024-01,Europe,Kia,Elantra EV,Sedan,83.14696439727878,5.886893282499585,High Income,No,135.13608148193808
2024-04,Oceania,Nissan,Elantra EV,Crossover,66.19643858666242,4.023850450846695,Budget Conscious,Yes,131.51256661707538
2024-06,Asia,Ford,i4,SUV,70.50429222039624,11.854839795364954,Budget Conscious,No,137.81687249948052
2024-07,North America,BMW,Elantra EV,Hatchback,90.60576940973554,8.55604462862679,Budget Conscious,Yes,153.2514284155186
2024-06,North America,Nissan,Atto 3,Truck,77.12942310653617,11.133913392685129,Tech Enthusiast,No,142.64131716830553
2024-06,Europe,Toyota,Elantra EV,Truck,103.45877697778216,3.1284978843926683,Budget Conscious,Yes,143.3054913517162
2024-02,Africa,Kia,Rio EV,Hatchback,50.34047136522855,13.127622496202093,High Income,Yes,138.34405983397545
2024-01,Oceania,BMW,ID.3,Hatchback,38.93863029646656,3.0331698026084535,Budget Conscious,Yes,125.94008636183213
2024-08,Oceania,BMW,ID.4,Hatchback,46.77514449785217,14.570043381969663,Eco-Conscious,Yes,136.69579792359565
2024-12,North America,Kia,Tucson EV,Truck,64.5158672550426,8.100249959713167,Tech Enthusiast,No,129.53770492917698
2024-07,Africa,Hyundai,Han EV,Hatchback,59.18659970915106,14.297099491068654,High Income,No,135.01364218281577
2024-05,Oceania,Kia,Atto 3,Sedan,101.6541265527035,7.133974196800359,Budget Conscious,Yes,142.56565772457398
2024-07,Oceania,Ford,Mach-E,SUV,83.57456919397416,7.154726788776431,High Income,Yes,149.9039409659415
2024-09,North America,BYD,Leaf,Hatchback,97.26593884185283,11.628330199773893,Eco-Conscious,Yes,157.74435816441667
2024-01,Asia,Ford,Atto 3,Crossover,67.669773428915,3.1375351320720064,Budget Conscious,No,133.15473713103532
2024-10,South America,BMW,Atto 3,Sedan,60.6658221587585,19.51547362546867,Tech Enthusiast,Yes,142.83635739754666
2024-06,Oceania,Hyundai,Ariya,Hatchback,94.9506115261835,16.723732704753846,Middle Income,No,158.44011960303402
2024-04,Asia,Kia,Leaf,Hatchback,49.840339577100174,5.757876739864875,Budget Conscious,No,132.04390579325727
2024-09,Africa,BYD,iX,Crossover,80.84665397643381,2.9112224101622868,High Income,Yes,131.71828898083135
2024-02,North America,Nissan,Rio EV,Truck,91.95996156327224,0.9646941716302542,High Income,Yes,148.43218206268577
2024-06,Africa,Toyota,Model 3,Truck,87.39875295270141,5.150704698132844,Tech Enthusiast,No,145.2742931081629
2024-02,Oceania,Volkswagen,Tucson EV,Hatchback,55.538056908863204,7.621860528096289,Tech Enthusiast,Yes,133.83993060207246
2024-09,Africa,BMW,Atto 3,Hatchback,80.15876109946058,16.352285216343173,High Income,No,143.90532923209116
2024-08,Oceania,Nissan,ID.3,Coupe,49.12149425030237,18.258274651435613,High Income,No,145.62350592330472
2024-10,Europe,Nissan,Elantra EV,Truck,60.745508328605894,0.0,Budget Conscious,Yes,121.36668484650049
2024-05,North America,Toyota,iX,Truck,48.834639656859615,13.596905184063514,Tech Enthusiast,No,135.48160629317545
2024-02,Africa,Hyundai,Elantra EV,Truck,92.24927130877066,13.18671195977121,Eco-Conscious,No,147.38568990654937
2024-02,Oceania,BMW,Han EV,Truck,45.42251050507972,10.938683128822142,High Income,Yes,132.10594194088307
2024-11,Asia,Toyota,Ariya,Hatchback,72.78914347407384,9.51755314679934,Eco-Conscious,Yes,146.32741847550903
2024-05,Oceania,Ford,Model 3,Crossover,98.31063982705865,8.193295936820451,Eco-Conscious,Yes,157.66681615875513
2024-05,Oceania,BYD,Han EV,Truck,94.25523131048814,6.700871666611208,Eco-Conscious,Yes,152.83696599189398
2024-04,South America,BYD,Atto 3,Crossover,55.56296523769332,7.917199151210663,Tech Enthusiast,Yes,128.63863138310532
2024-08,Oceania,Volkswagen,ID.5,Hatchback,64.61505672548547,13.734902031120427,Tech Enthusiast,No,142.96346505312965
2024-07,North America,Hyundai,Model S,Coupe,53.44140932540334,19.127630621328386,Budget Conscious,Yes,150.2351942549197
2024-08,Asia,Nissan,ID.5,Coupe,55.89665806417796,5.925677758832598,High Income,No,127.59854669652213
2024-11,Africa,Kia,Tucson EV,Coupe,79.83717288799127,0.0,Budget Conscious,Yes,128.61633614678976
2024-02,North America,Hyundai,Atto 3,Hatchback,51.5392733459503,10.582231967026802,Middle Income,No,137.37650599883858
2024-02,Oceania,Toyota,Corolla EV,Coupe,51.494853991585224,7.219440548442217,Budget Conscious,Yes,129.983834947254
2024-11,Oceania,Nissan,Rio EV,Coupe,100.20767082528646,12.446747574202373,Eco-Conscious,Yes,149.32435427168554
2024-09,North America,Kia,ID.4,Hatchback,86.23936672836828,5.899902571067127,Budget Conscious,Yes,143.45818716794736
2024-05,Oceania,BMW,Model 3,Hatchback,70.26422730615953,17.312001858010813,High Income,Yes,149.85432320439782
2024-08,Oceania,Ford,Atto 3,Truck,85.45156209754684,8.59386656637584,Middle Income,Yes,143.75649234867572
2024-09,North America,BYD,Rio EV,Truck,68.76057011851897,2.90764024657507,Budget Conscious,Yes,129.24381239446774
2024-05,North America,BYD,ID.3,Truck,94.41488567138452,2.038397871177681,Eco-Conscious,Yes,139.12681748655743
2024-05,Asia,Kia,Model Y,Hatchback,67.45549621708753,1.0039330479599924,Eco-Conscious,No,124.72065593795782
2024-10,Oceania,Toyota,Tucson EV,Hatchback,53.045183437166344,2.978954167141841,Eco-Conscious,No,124.01842945021873
2024-05,Asia,BMW,Mach-E,SUV,89.79766737392109,13.142527998058277,Eco-Conscious,Yes,155.71512364641535
2024-01,North America,Nissan,Model Y,Sedan,47.899091972347165,14.362546763679264,Middle Income,No,129.84760709543494
2024-07,Oceania,Volkswagen,ID.3,Hatchback,87.42209735623562,13.801356927956865,High Income,No,147.81622740992674
2024-08,North America,BMW,Corolla EV,Sedan,48.68607625143674,5.02671858939226,Tech Enthusiast,No,123.77627804454335
2024-07,Europe,Kia,Rio EV,Coupe,57.8816114266164,19.0734694260261,Middle Income,Yes,138.89782019927188
2024-01,Oceania,Ford,Han EV,Hatchback,87.6490418010717,8.60278067905437,High Income,Yes,150.1744527080446
2024-12,North America,Kia,Leaf,Hatchback,96.07271586057745,20.294724427968752,Eco-Conscious,Yes,159.50144787514105
2024-11,North America,Volkswagen,Mach-E,Hatchback,104.80467414429083,9.405218502785226,Middle Income,Yes,145.87539011747208
2024-02,North America,BYD,Model 3,Truck,54.49080010421379,9.666453240467055,Budget Conscious,Yes,129.69604010579715
2024-06,North America,BMW,Model 3,Sedan,46.56256435820351,0.9716031635339415,Eco-Conscious,Yes,126.6047739387526
2024-03,Oceania,BMW,Leaf,Sedan,61.248951281711726,7.983080580549144,Tech Enthusiast,Yes,134.34313675786424
2024-05,Oceania,Nissan,Model 3,SUV,48.74485085046331,4.766536675724777,Eco-Conscious,No,121.41764269844329
2024-09,Asia,Tesla,Model Y,SUV,67.23733062987141,7.001454038241282,Tech Enthusiast,Yes,140.97024763767152
2024-10,Oceania,BYD,Corolla EV,Truck,80.43727454020352,18.50083172249786,High Income,No,157.46626086384603
2024-07,North America,Ford,Atto 3,Crossover,46.90531940656845,19.760226737109193,Middle Income,Yes,138.70370527063164
2024-07,Oceania,Ford,Rio EV,Coupe,87.88195731123648,1.0279919616831552,Tech Enthusiast,No,135.64508177891182
2024-02,Africa,Volkswagen,Atto 3,Hatchback,58.049336526441195,4.198810839349119,Eco-Conscious,Yes,132.09818437552255
2024-09,Oceania,Kia,Corolla EV,Truck,94.11913437211517,4.12725201505137,Budget Conscious,Yes,147.11569642958085
2024-09,Oceania,Tesla,Leaf,Hatchback,63.969673527009974,2.9587685354879394,Eco-Conscious,Yes,127.25986033078861
2024-03,North America,Nissan,Rio EV,Hatchback,44.974006888054255,3.115174832921661,Eco-Conscious,Yes,119.7123048112239
2024-02,Asia,Toyota,Model Y,Crossover,92.28026274051362,12.021852188314261,Tech Enthusiast,Yes,152.31475642550546
2024-12,North America,Toyota,Leaf,Hatchback,42.063950728666896,13.589594728962409,Budget Conscious,No,133.80861686608358
2024-01,South America,Kia,Elantra EV,Truck,68.04993824501766,15.809825249777651,High Income,Yes,145.54684161965093
2024-08,Oceania,Nissan,Tucson EV,Coupe,88.8927189936692,1.0474601888597077,Middle Income,No,146.3449637712239
2024-07,Asia,Toyota,Han EV,Sedan,72.33874926017198,7.266331455155478,High Income,Yes,141.28361861359957
2024-08,Africa,Nissan,ID.4,Truck,44.89708683913448,4.993990071307717,Tech Enthusiast,Yes,122.30590796608094
2024-02,Africa,Kia,Corolla EV,Truck,50.56848863714684,17.786488393514443,Eco-Conscious,No,133.67995583126276
2024-12,Africa,Hyundai,Model 3,SUV,82.39616559492089,3.977751026303235,Budget Conscious,Yes,136.47146583317988
2024-09,Asia,Kia,iX,Truck,91.70564645526679,14.461935686206404,Eco-Conscious,No,154.7085780851466
2024-06,Africa,Toyota,Model Y,Crossover,59.07274787516795,12.527108309676352,Middle Income,No,134.11866761469338
2024-11,Oceania,BYD,Atto 3,Truck,97.13686442745237,10.087050777378325,High Income,Yes,156.04084688151823
2024-01,Oceania,Tesla,Model 3,Sedan,75.76257021699159,17.679774280494808,Middle Income,Yes,146.94785070541863
2024-05,Oceania,Kia,ID.4,Truck,59.028382197096306,8.611512369064716,Budget Conscious,Yes,137.54115372349418
2024-08,Asia,Ford,iX,SUV,90.89959031333227,3.877967678490033,Tech Enthusiast,No,146.63655768603041
2024-08,Africa,Ford,Rio EV,Coupe,41.298775953004196,11.695381750782575,Budget Conscious,Yes,135.17282272495504
2024-08,Oceania,Ford,Model 3,Truck,55.382518781732706,3.047679259266902,Tech Enthusiast,Yes,124.15697953320662
2024-01,Africa,Nissan,iX,Crossover,53.94557207622422,5.087186594954798,Eco-Conscious,Yes,124.5829115160847
2024-09,North America,Toyota,Corolla EV,Hatchback,38.297790001909576,13.872206389301667,High Income,Yes,135.35897024163245
2024-05,North America,Nissan,Leaf,SUV,38.38700558407797,2.0132803899652685,Budget Conscious,No,117.92806381357755
2024-01,Africa,Kia,Han EV,Truck,58.29454388472385,10.483907160453372,Budget Conscious,No,142.60514129362195
2024-03,Asia,Hyundai,i4,Truck,44.49760435495846,0.9866070877134479,Middle Income,No,118.98918010253732
2024-02,Oceania,BMW,Elantra EV,Crossover,73.57755566845711,11.682982510215123,Tech Enthusiast,Yes,148.23547620032588
2024-03,North America,Kia,ID.4,Crossover,60.68811288602341,3.1145997150298608,Eco-Conscious,Yes,135.3571223599582
2024-01,Africa,Volkswagen,Atto 3,Sedan,86.00072076648264,4.138080237710071,High Income,Yes,142.5494801098088
2024-02,Oceania,Volkswagen,Atto 3,Sedan,84.3309443513508,6.148510583518202,Eco-Conscious,No,140.76975432645344
2024-10,North America,Kia,Leaf,SUV,79.63368642544096,7.835130164964227,Budget Conscious,Yes,144.9700205585263
2024-08,Africa,BMW,Corolla EV,Truck,95.29871972048434,5.203423829727087,High Income,No,141.03312355415386
2024-07,North America,BMW,iX,Coupe,53.98143804277262,3.133242172943456,Tech Enthusiast,No,128.2996207026104
2024-09,Africa,Toyota,iX,Truck,46.55359760204927,8.051894702854103,High Income,Yes,130.24504696396414
2024-09,North America,BMW,i4,SUV,72.36475766148803,15.375146791166287,High Income,No,142.1801611024056
2024-04,North America,Volkswagen,Leaf,Hatchback,52.26594554503203,5.2145943329199955,Eco-Conscious,Yes,133.81012395080833
2024-04,North America,Tesla,Leaf,SUV,79.36477116745392,3.024405701566857,Budget Conscious,No,140.3968271900234
2024-01,Asia,Kia,ID.5,Sedan,58.57400079631673,10.890998703411787,High Income,Yes,133.5614469308985
2024-08,Oceania,Tesla,Elantra EV,Truck,65.73137501541531,4.996534457485931,Budget Conscious,Yes,129.43094243910687
2024-05,North America,Hyundai,Han EV,Truck,90.23945309329969,2.0107778592877223,High Income,Yes,143.6659589947043
2024-09,North America,Kia,Corolla EV,Coupe,81.68935433378178,17.951066252036792,High Income,No,146.4974221771952
2024-08,Oceania,Nissan,Ariya,Hatchback,81.50479525978757,13.858655277801192,High Income,Yes,148.16164923902917
2024-11,Asia,Hyundai,Ariya,Truck,49.2730696816149,2.95561293010695,High Income,No,119.23681477228958
2024-04,North America,BYD,Han EV,Hatchback,78.4374864921679,8.239383640524906,Budget Conscious,No,141.58921498141825
2024-05,Asia,Volkswagen,Model S,Crossover,42.17532532954216,4.97295892473574,High Income,No,130.09568139048315
2024-01,South America,Kia,Tucson EV,Hatchback,60.584966873705135,3.831452406272402,Budget Conscious,Yes,133.72461656938916
